CodArt,Descripcion,Descadic,Familia,Codbar,agrup,marca
0305003500,RIO JR T2,SHORT,INDUMENTARIA,RIJR002UNI,SHORT,mallasacrobata
0305003510,CANCUN TS,SHORT,INDUMENTARIA,CANCSMA093,SHORT,mallasacrobata
0305003520,RIO JR T16/18,SHORT,INDUMENTARIA,RIJR003UNI,SHORT,mallasacrobata
0510000010,ARUBA SHORT,SHORT,TRAJES DE BAÑO,ARUBA,SHORT,mallasacrobata
0510000020,ARUBA TXL,SHORT,TRAJES DE BAÑO,ARUBEXLUNI,SHORT,mallasacrobata
0510000030,ARUBA TL,SHORT,TRAJES DE BAÑO,ARUBLARUNI,SHORT,mallasacrobata
0510000040,ARUBA TM,SHORT,TRAJES DE BAÑO,ARUBMEDUNI,SHORT,mallasacrobata
0510000050,ARUBA TS,SHORT,TRAJES DE BAÑO,ARUBSMAUNI,SHORT,mallasacrobata
0510000060,BAHAMASBR T4-6,SHORT,TRAJES DE BAÑO,BAHA0406UNI,SHORT,mallasacrobata
0510000070,BAHAMASBR T8-10,SHORT,TRAJES DE BAÑO,BAHA0810UNI,SHORT,mallasacrobata
0510000080,BAHAMASBR T12-14,SHORT,TRAJES DE BAÑO,BAHA1214UNI,SHORT,mallasacrobata
0510000090,BAHAMASBR TXL,SHORT,TRAJES DE BAÑO,BAHAEXLUNI,SHORT,mallasacrobata
0510000100,BAHAMASBR TL,SHORT,TRAJES DE BAÑO,BAHALARUNI,SHORT,mallasacrobata
0510000110,BAHAMAS SHORT,SHORT,TRAJES DE BAÑO,BAHAMAS,SHORT,mallasacrobata
0510000120,BAHAMASJR JUNIOR SHORT,SHORT,TRAJES DE BAÑO,BAHAMASJR,SHORT,mallasacrobata
0510000130,BAHAMASBR TS,SHORT,TRAJES DE BAÑO,BAHASMAUNI,SHORT,mallasacrobata
0510000140,BAHAMASBR TM,SHORT,TRAJES DE BAÑO,BAHMEDAUNI,SHORT,mallasacrobata
0510000150,BALI SHORT,SHORT,TRAJES DE BAÑO,BALI,SHORT,mallasacrobata
0510000160,BALI TXL,SHORT,TRAJES DE BAÑO,BALIEXLUNI,SHORT,mallasacrobata
0510000170,BALI TL,SHORT,TRAJES DE BAÑO,BALILARUNI,SHORT,mallasacrobata
0510000180,BALI TM,SHORT,TRAJES DE BAÑO,BALIMEDUNI,SHORT,mallasacrobata
0510000190,BALI TS,SHORT,TRAJES DE BAÑO,BALISMAUNI,SHORT,mallasacrobata
0510000200,BARCELONA SHORT,SHORT,TRAJES DE BAÑO,BARCELONA,SHORT,mallasacrobata
0510000210,BARCELONABR TXL,SHORT,TRAJES DE BAÑO,BARCEXLUNI,SHORT,mallasacrobata
0510000220,BARCELONABR TL,SHORT,TRAJES DE BAÑO,BARCLARUNI,SHORT,mallasacrobata
0510000230,BARCELONABR TM,SHORT,TRAJES DE BAÑO,BARCMEDUNI,SHORT,mallasacrobata
0510000240,BARCELONABR TS,SHORT,TRAJES DE BAÑO,BARCSMAUNI,SHORT,mallasacrobata
0510000250,BARCELONABR TXL,SHORT,TRAJES DE BAÑO,BARXLAUNI,SHORT,mallasacrobata
0510000260,CALIFORNIA JR T4/6,SHORT,TRAJES DE BAÑO,CAJR001UNI,SHORT,mallasacrobata
0510000270,CALIFORNIA JR T8/10,SHORT,TRAJES DE BAÑO,CAJR002UNI,SHORT,mallasacrobata
0510000280,CALIFORNIA JR T12/14,SHORT,TRAJES DE BAÑO,CAJR003UNI,SHORT,mallasacrobata
0510000290,CALIFORNIA JR T16/18,SHORT,TRAJES DE BAÑO,CAJR004UNI,SHORT,mallasacrobata
0510000300,CALIFORNIA TXL,SHORT,TRAJES DE BAÑO,CALIEXLUNI,SHORT,mallasacrobata
0510000310,CALIFORNIA SHORT,SHORT,TRAJES DE BAÑO,CALIFORNIA,SHORT,mallasacrobata
0510000320,CALIFORNIA SHORT JUNIOR,SHORT,TRAJES DE BAÑO,CALIFORNIAJR,SHORT,mallasacrobata
0510000330,CALIFORNIA TL,SHORT,TRAJES DE BAÑO,CALILARUNI,SHORT,mallasacrobata
0510000340,CALIFORNIA TM,SHORT,TRAJES DE BAÑO,CALIMEDUNI,SHORT,mallasacrobata
0510000350,CALIFORNIA TS,SHORT,TRAJES DE BAÑO,CALISMAUNI,SHORT,mallasacrobata
0510000360,CANCUN TXL,SHORT,TRAJES DE BAÑO,CANCEXLUNI,SHORT,mallasacrobata
0510000370,CANCUN TL,SHORT,TRAJES DE BAÑO,CANCLARUNI,SHORT,mallasacrobata
0510000380,CANCUN TM,SHORT,TRAJES DE BAÑO,CANCMEDUNI,SHORT,mallasacrobata
0510000390,CANCUN TS,SHORT,TRAJES DE BAÑO,CANCSMAUNI,SHORT,mallasacrobata
0510000400,CANCUN SHORT,SHORT,TRAJES DE BAÑO,CANCUN,SHORT,mallasacrobata
0510000410,GRECIABR TXL CORAL,SHORT,TRAJES DE BAÑO,GRECEXL005,SHORT,mallasacrobata
0510000420,GRECIABR TXL CELESTE,SHORT,TRAJES DE BAÑO,GRECEXL007,SHORT,mallasacrobata
0510000430,GRECIA BORDO TXL,SHORT,TRAJES DE BAÑO,GRECEXL085,SHORT,mallasacrobata
0510000440,GRECIA JEAN TXL,SHORT,TRAJES DE BAÑO,GRECEXL089,SHORT,mallasacrobata
0510000450,GRECIA TURQUESA TXL,SHORT,TRAJES DE BAÑO,GRECEXL104,SHORT,mallasacrobata
0510000460,GRECIA SHORT,SHORT,TRAJES DE BAÑO,GRECIA,SHORT,mallasacrobata
0510000470,GRECIABR TL CORAL,SHORT,TRAJES DE BAÑO,GRECLAR005,SHORT,mallasacrobata
0510000480,GRECIABR TL CELESTE,SHORT,TRAJES DE BAÑO,GRECLAR007,SHORT,mallasacrobata
0510000490,GRECIA BORDO TL,SHORT,TRAJES DE BAÑO,GRECLAR085,SHORT,mallasacrobata
0510000500,GRECIA JEAN TL,SHORT,TRAJES DE BAÑO,GRECLAR089,SHORT,mallasacrobata
0510000510,GRECIA TURQUESA TL,SHORT,TRAJES DE BAÑO,GRECLAR104,SHORT,mallasacrobata
0510000520,GRECIABR TM CORAL,SHORT,TRAJES DE BAÑO,GRECMED005,SHORT,mallasacrobata
0510000530,GRECIABR TM CELESTE,SHORT,TRAJES DE BAÑO,GRECMED007,SHORT,mallasacrobata
0510000540,GRECIA BORDO TM,SHORT,TRAJES DE BAÑO,GRECMED085,SHORT,mallasacrobata
0510000550,GRECIA JEAN TM,SHORT,TRAJES DE BAÑO,GRECMED089,SHORT,mallasacrobata
0510000560,GRECIA TURQUESA TM,SHORT,TRAJES DE BAÑO,GRECMED104,SHORT,mallasacrobata
0510000570,GRECIABR TS CORAL,SHORT,TRAJES DE BAÑO,GRECSMA005,SHORT,mallasacrobata
0510000580,GRECIABR TS CELESTE,SHORT,TRAJES DE BAÑO,GRECSMA007,SHORT,mallasacrobata
0510000590,GRECIA BORDO TS,SHORT,TRAJES DE BAÑO,GRECSMA085,SHORT,mallasacrobata
0510000600,GRECIA JEAN TS,SHORT,TRAJES DE BAÑO,GRECSMA089,SHORT,mallasacrobata
0510000610,GRECIA TURQUESA TS,SHORT,TRAJES DE BAÑO,GRECSMA104,SHORT,mallasacrobata
0510000620,HAWAIIBR JR T4-6,SHORT,TRAJES DE BAÑO,HAW0406093,SHORT,mallasacrobata
0510000630,HAWAIIBR JR T8-10,SHORT,TRAJES DE BAÑO,HAW0810093,SHORT,mallasacrobata
0510000640,HAWAIIBR JR T12-14,SHORT,TRAJES DE BAÑO,HAW1214093,SHORT,mallasacrobata
0510000650,HAWAIIBR TXL,SHORT,TRAJES DE BAÑO,HAWAEXLUNI,SHORT,mallasacrobata
0510000660,HAWAII SHORT,SHORT,TRAJES DE BAÑO,HAWAII,SHORT,mallasacrobata
0510000670,HAWAIIJR JUNIOR SHORT,SHORT,TRAJES DE BAÑO,HAWAIIJR,SHORT,mallasacrobata
0510000680,HAWAIIXXL SHORT,SHORT,TRAJES DE BAÑO,HAWAIIXXL,SHORT,mallasacrobata
0510000690,HAWAIIBR TL,SHORT,TRAJES DE BAÑO,HAWALARUNI,SHORT,mallasacrobata
0510000700,HAWAIIBR TM,SHORT,TRAJES DE BAÑO,HAWAMEDUNI,SHORT,mallasacrobata
0510000710,HAWAIIBR TS,SHORT,TRAJES DE BAÑO,HAWASMAUNI,SHORT,mallasacrobata
0510000720,HAWAIIBR TXXL,SHORT,TRAJES DE BAÑO,HAWAXXLUNI,SHORT,mallasacrobata
0510000730,INDONESIABR TXL,SHORT,TRAJES DE BAÑO,INDOEXLUNI,SHORT,mallasacrobata
0510000740,INDONESIABR TL,SHORT,TRAJES DE BAÑO,INDOLARUNI,SHORT,mallasacrobata
0510000750,INDONESIABR TM,SHORT,TRAJES DE BAÑO,INDOMEDUNI,SHORT,mallasacrobata
0510000760,INDONESIA SHORT,SHORT,TRAJES DE BAÑO,INDONESIA,SHORT,mallasacrobata
0510000770,INDONESIABR TS,SHORT,TRAJES DE BAÑO,INDOSMAUNI,SHORT,mallasacrobata
0510000780,ITALIABR T4-6,SHORT,TRAJES DE BAÑO,ITA0406093,SHORT,mallasacrobata
0510000790,ITALIABR T8-10,SHORT,TRAJES DE BAÑO,ITA0810093,SHORT,mallasacrobata
0510000800,ITALIABR T12-14,SHORT,TRAJES DE BAÑO,ITA1214093,SHORT,mallasacrobata
0510000810,ITALIA NEGRO TXL,SHORT,TRAJES DE BAÑO,ITALEXL002,SHORT,mallasacrobata
0510000820,ITALIA FUCSIA TXL,SHORT,TRAJES DE BAÑO,ITALEXL006,SHORT,mallasacrobata
0510000830,ITALIA MARINO TXL,SHORT,TRAJES DE BAÑO,ITALEXL016,SHORT,mallasacrobata
0510000840,ITALIABR TXL ACQUA,SHORT,TRAJES DE BAÑO,ITALEXL050,SHORT,mallasacrobata
0510000850,ITALIA FRANCIA TXL,SHORT,TRAJES DE BAÑO,ITALEXL051,SHORT,mallasacrobata
0510000860,ITALIA TXL VERDE FLUO,SHORT,TRAJES DE BAÑO,ITALEXL084,SHORT,mallasacrobata
0510000870,ITALIA SHORT,SHORT,TRAJES DE BAÑO,ITALIA,SHORT,mallasacrobata
0510000880,ITALIAJR SHORT NIÑO,SHORT,TRAJES DE BAÑO,ITALIAJR,SHORT,mallasacrobata
0510000890,ITALIAXXL SHORT,SHORT,TRAJES DE BAÑO,ITALIAXXL,SHORT,mallasacrobata
0510000900,ITALIA NEGRO TL,SHORT,TRAJES DE BAÑO,ITALLAR002,SHORT,mallasacrobata
0510000910,ITALIA FUCSIA TL,SHORT,TRAJES DE BAÑO,ITALLAR006,SHORT,mallasacrobata
0510000920,ITALIA MARINO TL,SHORT,TRAJES DE BAÑO,ITALLAR016,SHORT,mallasacrobata
0510000930,ITALIABR TL ACQUA,SHORT,TRAJES DE BAÑO,ITALLAR050,SHORT,mallasacrobata
0510000940,ITALIA FRANCIA TL,SHORT,TRAJES DE BAÑO,ITALLAR051,SHORT,mallasacrobata
0510000950,ITALIA TL VERDE FLUO,SHORT,TRAJES DE BAÑO,ITALLAR084,SHORT,mallasacrobata
0510000960,ITALIA NEGRO TM,SHORT,TRAJES DE BAÑO,ITALMED002,SHORT,mallasacrobata
0510000970,ITALIA FUCSIA TM,SHORT,TRAJES DE BAÑO,ITALMED006,SHORT,mallasacrobata
0510000980,ITALIA MARINO TM,SHORT,TRAJES DE BAÑO,ITALMED016,SHORT,mallasacrobata
0510000990,ITALIABR TM ACQUA,SHORT,TRAJES DE BAÑO,ITALMED050,SHORT,mallasacrobata
0510001000,ITALIA FRANCIA TM,SHORT,TRAJES DE BAÑO,ITALMED051,SHORT,mallasacrobata
0510001010,ITALIA TM VERDE FLUO,SHORT,TRAJES DE BAÑO,ITALMED084,SHORT,mallasacrobata
0510001020,ITALIA NEGRO TS,SHORT,TRAJES DE BAÑO,ITALSMA002,SHORT,mallasacrobata
0510001030,ITALIA FUCSIA TS,SHORT,TRAJES DE BAÑO,ITALSMA006,SHORT,mallasacrobata
0510001040,ITALIA MARINO TS,SHORT,TRAJES DE BAÑO,ITALSMA016,SHORT,mallasacrobata
0510001050,ITALIABR TS ACQUA,SHORT,TRAJES DE BAÑO,ITALSMA050,SHORT,mallasacrobata
0510001060,ITALIA FRANCIA TS,SHORT,TRAJES DE BAÑO,ITALSMA051,SHORT,mallasacrobata
0510001070,ITALIA TS VERDE FLUO,SHORT,TRAJES DE BAÑO,ITALSMA084,SHORT,mallasacrobata
0510001080,ITALIA NEGRO TXXL,SHORT,TRAJES DE BAÑO,ITALXXL002,SHORT,mallasacrobata
0510001090,ITALIA FUCSIA TXXL,SHORT,TRAJES DE BAÑO,ITALXXL006,SHORT,mallasacrobata
0510001100,ITALIA MARINO TXXL,SHORT,TRAJES DE BAÑO,ITALXXL016,SHORT,mallasacrobata
0510001110,ITALIABR TXXL ACQUA,SHORT,TRAJES DE BAÑO,ITALXXL050,SHORT,mallasacrobata
0510001120,ITALIA FRANCIA TXXL,SHORT,TRAJES DE BAÑO,ITALXXL051,SHORT,mallasacrobata
0510001130,ITALIA TXXL VERDE FLUO,SHORT,TRAJES DE BAÑO,ITALXXL084,SHORT,mallasacrobata
0510001140,ITALIA JR T4/6,SHORT,TRAJES DE BAÑO,ITJR001UNI,SHORT,mallasacrobata
0510001150,ITALIA JR T8/10,SHORT,TRAJES DE BAÑO,ITJR002UNI,SHORT,mallasacrobata
0510001160,ITALIA JR T12/14,SHORT,TRAJES DE BAÑO,ITJR003UNI,SHORT,mallasacrobata
0510001170,ITALIA JR T16/18,SHORT,TRAJES DE BAÑO,ITJR004UNI,SHORT,mallasacrobata
0510001180,JAMAICA BLUE TXL,SHORT,TRAJES DE BAÑO,JAMAEXL061,SHORT,mallasacrobata
0510001190,JAMAICA ORANGE TXL,SHORT,TRAJES DE BAÑO,JAMAEXL105,SHORT,mallasacrobata
0510001200,JAMAICA SHORT,SHORT,TRAJES DE BAÑO,JAMAICA,SHORT,mallasacrobata
0510001210,JAMAICA BLUE TL,SHORT,TRAJES DE BAÑO,JAMALAR061,SHORT,mallasacrobata
0510001220,JAMAICA ORANGE TL,SHORT,TRAJES DE BAÑO,JAMALAR105,SHORT,mallasacrobata
0510001230,JAMAICA BLUE TM,SHORT,TRAJES DE BAÑO,JAMAMED061,SHORT,mallasacrobata
0510001240,JAMAICA ORANGE TM,SHORT,TRAJES DE BAÑO,JAMAMED105,SHORT,mallasacrobata
0510001250,JAMAICA BLUE TS,SHORT,TRAJES DE BAÑO,JAMASMA061,SHORT,mallasacrobata
0510001260,JAMAICA ORANGE TS,SHORT,TRAJES DE BAÑO,JAMASMA105,SHORT,mallasacrobata
0510001270,LEBLONBR TXL,SHORT,TRAJES DE BAÑO,LEBLEXLUNI,SHORT,mallasacrobata
0510001280,LEBLONBR TL,SHORT,TRAJES DE BAÑO,LEBLLARUNI,SHORT,mallasacrobata
0510001290,LEBLONBR TM,SHORT,TRAJES DE BAÑO,LEBLMEDUNI,SHORT,mallasacrobata
0510001300,LEBLON SHORT,SHORT,TRAJES DE BAÑO,LEBLON,SHORT,mallasacrobata
0510001310,LEBLONBR TS,SHORT,TRAJES DE BAÑO,LEBLSMAUNI,SHORT,mallasacrobata
0510001320,MALIBU JR T4/6,SHORT,TRAJES DE BAÑO,MAJR001UNI,SHORT,mallasacrobata
0510001330,MALIBU JR T8/10,SHORT,TRAJES DE BAÑO,MAJR002UNI,SHORT,mallasacrobata
0510001340,MALIBU JR T12/14,SHORT,TRAJES DE BAÑO,MAJR003UNI,SHORT,mallasacrobata
0510001350,MALIBU JR T16/18,SHORT,TRAJES DE BAÑO,MAJR004UNI,SHORT,mallasacrobata
0510001360,MALIBU SHORT,SHORT,TRAJES DE BAÑO,MALIBU,SHORT,mallasacrobata
0510001370,MALIBU SHORT JUNIOR,SHORT,TRAJES DE BAÑO,MALIBUJR,SHORT,mallasacrobata
0510001380,MALIBU TXL,SHORT,TRAJES DE BAÑO,MALIEXLUNI,SHORT,mallasacrobata
0510001390,MALIBU TL,SHORT,TRAJES DE BAÑO,MALILARUNI,SHORT,mallasacrobata
0510001400,MALIBU TM,SHORT,TRAJES DE BAÑO,MALIMEDUNI,SHORT,mallasacrobata
0510001410,MALIBU TS,SHORT,TRAJES DE BAÑO,MALISMAUNI,SHORT,mallasacrobata
0510001420,MARBELLABR JR T4-6,SHORT,TRAJES DE BAÑO,MAR0406093,SHORT,mallasacrobata
0510001430,MARBELLABR JR T8-10,SHORT,TRAJES DE BAÑO,MAR0810093,SHORT,mallasacrobata
0510001440,MARBELLABR JR T12-14,SHORT,TRAJES DE BAÑO,MAR1214093,SHORT,mallasacrobata
0510001450,MARBELLA SHORT,SHORT,TRAJES DE BAÑO,MARBELLA,SHORT,mallasacrobata
0510001460,MARBELLAJR SHORT,SHORT,TRAJES DE BAÑO,MARBELLAJR,SHORT,mallasacrobata
0510001470,MARBELLA TXL,SHORT,TRAJES DE BAÑO,MARBEXLUNI,SHORT,mallasacrobata
0510001480,MARBELLA TL,SHORT,TRAJES DE BAÑO,MARBLARUNI,SHORT,mallasacrobata
0510001490,MARBELLA TM,SHORT,TRAJES DE BAÑO,MARBMEDUNI,SHORT,mallasacrobata
0510001500,MARBELLA TS,SHORT,TRAJES DE BAÑO,MARBSMAUNI,SHORT,mallasacrobata
0510001520,MAUI TXL,SHORT,TRAJES DE BAÑO,MAUIEXL093,SHORT,mallasacrobata
0510001530,MAUI TL,SHORT,TRAJES DE BAÑO,MAUILAR093,SHORT,mallasacrobata
0510001540,MAUI TM,SHORT,TRAJES DE BAÑO,MAUIMED093,SHORT,mallasacrobata
0510001550,MAUI TS,SHORT,TRAJES DE BAÑO,MAUISMA093,SHORT,mallasacrobata
0510001560,MIAMI TXL,SHORT,TRAJES DE BAÑO,MIAMEXL093,SHORT,mallasacrobata
0510001580,MIAMIXXL SHORT,SHORT,TRAJES DE BAÑO,MIAMIXXL,SHORT,mallasacrobata
0510001590,MIAMI TL,SHORT,TRAJES DE BAÑO,MIAMLARUNI,SHORT,mallasacrobata
0510001600,MIAMI TM,SHORT,TRAJES DE BAÑO,MIAMMEDUNI,SHORT,mallasacrobata
0510001610,MIAMI TS,SHORT,TRAJES DE BAÑO,MIAMSMAUNI,SHORT,mallasacrobata
0510001620,MIAMI TXXL,SHORT,TRAJES DE BAÑO,MIAMXXLUNI,SHORT,mallasacrobata
0510001630,MILANO TXL,SHORT,TRAJES DE BAÑO,MILAEXLUNI,SHORT,mallasacrobata
0510001640,MILANO TL,SHORT,TRAJES DE BAÑO,MILALARUNI,SHORT,mallasacrobata
0510001650,MILANO TM,SHORT,TRAJES DE BAÑO,MILAMEDUNI,SHORT,mallasacrobata
0510001660,MILANO SHORT,SHORT,TRAJES DE BAÑO,MILANO,SHORT,mallasacrobata
0510001670,MILANO TS,SHORT,TRAJES DE BAÑO,MILASMAUNI,SHORT,mallasacrobata
0510001680,MONACO JR T4/6,SHORT,TRAJES DE BAÑO,MOJR001UNI,SHORT,mallasacrobata
0510001690,MONACO JR T8/10,SHORT,TRAJES DE BAÑO,MOJR002UNI,SHORT,mallasacrobata
0510001700,MONACO JR T12/14,SHORT,TRAJES DE BAÑO,MOJR003UNI,SHORT,mallasacrobata
0510001710,MONACO JR T16/18,SHORT,TRAJES DE BAÑO,MOJR004UNI,SHORT,mallasacrobata
0510001720,MONACO SHORT,SHORT,TRAJES DE BAÑO,MONACO,SHORT,mallasacrobata
0510001730,MONACOJR SHORT,SHORT,TRAJES DE BAÑO,MONACOJR,SHORT,mallasacrobata
0510001740,MONACO TXL,SHORT,TRAJES DE BAÑO,MONAEXLUNI,SHORT,mallasacrobata
0510001750,MONACO TL,SHORT,TRAJES DE BAÑO,MONALARUNI,SHORT,mallasacrobata
0510001760,MONACO TM,SHORT,TRAJES DE BAÑO,MONAMEDUNI,SHORT,mallasacrobata
0510001770,MONACO TS,SHORT,TRAJES DE BAÑO,MONASMAUNI,SHORT,mallasacrobata
0510001780,SIDNEYBR TXL,SHORT,TRAJES DE BAÑO,SIDNEXL093,SHORT,mallasacrobata
0510001800,SIDNEYBR TL,SHORT,TRAJES DE BAÑO,SIDNLAR093,SHORT,mallasacrobata
0510001810,SIDNEYBR TM,SHORT,TRAJES DE BAÑO,SIDNMED093,SHORT,mallasacrobata
0510001820,SIDNEYBR TS,SHORT,TRAJES DE BAÑO,SIDNSMA093,SHORT,mallasacrobata
0510001830,TULUM JR T4/6,SHORT,TRAJES DE BAÑO,TUJR001UNI,SHORT,mallasacrobata
0510001840,TULUM JR T8/10,SHORT,TRAJES DE BAÑO,TUJR002UNI,SHORT,mallasacrobata
0510001850,TULUM JR T12/14,SHORT,TRAJES DE BAÑO,TUJR003UNI,SHORT,mallasacrobata
0510001860,TULUM JR T16/18,SHORT,TRAJES DE BAÑO,TUJR004UNI,SHORT,mallasacrobata
0510001870,TULUM TXL,SHORT,TRAJES DE BAÑO,TULUEXLUNI,SHORT,mallasacrobata
0510001880,TULUM TL,SHORT,TRAJES DE BAÑO,TULULARUNI,SHORT,mallasacrobata
0510001890,TULUM SHORT,SHORT,TRAJES DE BAÑO,TULUM,SHORT,mallasacrobata
0510001900,TULUM TM,SHORT,TRAJES DE BAÑO,TULUMEDUNI,SHORT,mallasacrobata
0510001910,TULUMJR SHORT JUNIOR,SHORT,TRAJES DE BAÑO,TULUMJR,SHORT,mallasacrobata
0510001920,TULUM TS,SHORT,TRAJES DE BAÑO,TULUSMAUNI,SHORT,mallasacrobata
0510001930,01BR BRIGITTE,SHORT,TRAJES DE BAÑO,01BR,SHORT,mallasacrobata
0510001940,02BR BRIGITTE,SHORT,TRAJES DE BAÑO,02BR,SHORT,mallasacrobata
0510002800,FILIPINAS TS,,TRAJES DE BAÑO,FILISMA093,SHORT,mallasacrobata
0510002810,FILIPINAS TM,,TRAJES DE BAÑO,FILIMED093,SHORT,mallasacrobata
0510002820,FILIPINAS TL,,TRAJES DE BAÑO,FILILAR093,SHORT,mallasacrobata
0510002830,FILIPINAS TXL,,TRAJES DE BAÑO,FILIEXL093,SHORT,mallasacrobata
0510002840,FILIPINAS TXXL,,TRAJES DE BAÑO,FILIXXL093,SHORT,mallasacrobata
0510002850,GRECIA - ARMY TS,,TRAJES DE BAÑO,GRECSMA094,SHORT,mallasacrobata
0510002860,GRECIA - ARMY TM,,TRAJES DE BAÑO,GRECMED094,SHORT,mallasacrobata
0510002870,GRECIA - ARMY TL,,TRAJES DE BAÑO,GRECLAR094,SHORT,mallasacrobata
0510002880,GRECIA - ARMY TXL,,TRAJES DE BAÑO,GRECEXL094,SHORT,mallasacrobata
0510002970,GRECIA - PINK TS,,TRAJES DE BAÑO,GRECSMA055,SHORT,mallasacrobata
0510002980,GRECIA - PINK TM,,TRAJES DE BAÑO,GRECMED055,SHORT,mallasacrobata
0510002990,GRECIA - PINK TL,,TRAJES DE BAÑO,GRECLAR055,SHORT,mallasacrobata
0510003000,GRECIA - PINKTXL,,TRAJES DE BAÑO,GRECEXL055,SHORT,mallasacrobata
0510003010,CUBA TS UNICO,,TRAJES DE BAÑO,CUBASMA093,SHORT,mallasacrobata
0510003020,CUBA TM UNICO,,TRAJES DE BAÑO,CUBAMED093,SHORT,mallasacrobata
0510003030,CUBA TL UNICO,,TRAJES DE BAÑO,CUBALAR093,SHORT,mallasacrobata
0510003040,CUBA TXL UNICO,,TRAJES DE BAÑO,CUBAEXL093,SHORT,mallasacrobata
0510003050,NATAL TS UNICO,,TRAJES DE BAÑO,NATASMA093,SHORT,mallasacrobata
0510003060,NATAL TM UNICO,,TRAJES DE BAÑO,NATAMED093,SHORT,mallasacrobata
0510003070,NATAL TL UNICO,,TRAJES DE BAÑO,NATALAR093,SHORT,mallasacrobata
0510003080,NATAL TXL UNICO,,TRAJES DE BAÑO,NATAEXL093,SHORT,mallasacrobata
0510003090,TAILANDIA TS,,TRAJES DE BAÑO,TAILSMA093,SHORT,mallasacrobata
0510003100,TAILANDIA TM,,TRAJES DE BAÑO,TAILMED093,SHORT,mallasacrobata
0510003110,TAILANDIA TL,,TRAJES DE BAÑO,TAILLAR093,SHORT,mallasacrobata
0510003120,TAILANDIA TXL,,TRAJES DE BAÑO,TAILEXL093,SHORT,mallasacrobata
0510003130,TENERIFE TS,,TRAJES DE BAÑO,TENESMA093,SHORT,mallasacrobata
0510003140,TENERIFE TM,,TRAJES DE BAÑO,TENEMED093,SHORT,mallasacrobata
0510003150,TENERIFE TL,,TRAJES DE BAÑO,TENELAR093,SHORT,mallasacrobata
0510003160,TENERIFE TXL,,TRAJES DE BAÑO,TENEEXL093,SHORT,mallasacrobata
0510003170,WAIKIKI TS,,TRAJES DE BAÑO,WAIKSMA093,SHORT,mallasacrobata
0510003180,WAIKIKI TM,,TRAJES DE BAÑO,WAIKMED093,SHORT,mallasacrobata
0510003190,WAIKIKI TL,,TRAJES DE BAÑO,WAIKLAR093,SHORT,mallasacrobata
0510003200,WAIKIKI TXL,,TRAJES DE BAÑO,WAIKEXL093,SHORT,mallasacrobata
0510003750,AMALFI TS UNICO,,TRAJES DE BAÑO,AMALSMA093,SHORT,mallasacrobata
0510003760,AMALFI TM UNICO,,TRAJES DE BAÑO,AMALMED093,SHORT,mallasacrobata
0510003770,AMALFI TL UNICO,,TRAJES DE BAÑO,AMALLAR093,SHORT,mallasacrobata
0510003780,AMALFI TXL UNICO,,TRAJES DE BAÑO,AMALEXL093,SHORT,mallasacrobata
0510003790,AMALFI TXXL UNICO,,TRAJES DE BAÑO,AMALXXL093,SHORT,mallasacrobata
0510004140,ITALIA TS FLAMINGO,,TRAJES DE BAÑO,ITALSMA069,SHORT,mallasacrobata
0510004150,ITALIA TM FLAMINGO,,TRAJES DE BAÑO,ITALMED069,SHORT,mallasacrobata
0510004160,ITALIA TL FLAMINGO,,TRAJES DE BAÑO,ITALLAR069,SHORT,mallasacrobata
0510004170,ITALIA TXL FLAMINGO,,TRAJES DE BAÑO,ITALEXL069,SHORT,mallasacrobata
0510004180,ITALIA TXXL FLAMINGO,,TRAJES DE BAÑO,ITALXXL069,SHORT,mallasacrobata
0510004340,ITALIA TS MENTA,,TRAJES DE BAÑO,ITALSMA121,SHORT,mallasacrobata
0510004350,ITALIA TM MENTA,,TRAJES DE BAÑO,ITALMED121,SHORT,mallasacrobata
0510004360,ITALIA TL MENTA,,TRAJES DE BAÑO,ITALLAR0121,SHORT,mallasacrobata
0510004370,ITALIA TXL MENTA,,TRAJES DE BAÑO,ITALEXL121,SHORT,mallasacrobata
0510004380,ITALIA TXXL MENTA,,TRAJES DE BAÑO,ITALXXL121,SHORT,mallasacrobata
0510004440,JAMAICA TS BLACK,,TRAJES DE BAÑO,JAMASMA063,SHORT,mallasacrobata
0510004450,JAMAICA TM BLACK,,TRAJES DE BAÑO,JAMAMED063,SHORT,mallasacrobata
0510004460,JAMAICA TL BLACK,,TRAJES DE BAÑO,JAMALAR063,SHORT,mallasacrobata
0510004470,JAMAICA TXL BLACK,,TRAJES DE BAÑO,JAMAEXL063,SHORT,mallasacrobata
0510004520,MANFREDONIA TS UNICO,,TRAJES DE BAÑO,MANFSMA093,SHORT,mallasacrobata
0510004530,MANFREDONIA TM UNICO,,TRAJES DE BAÑO,MANFMED093,SHORT,mallasacrobata
0510004540,MANFREDONIA TL UNICO,,TRAJES DE BAÑO,MANFLAR093,SHORT,mallasacrobata
0510004550,MANFREDONIA TXL UNICO,,TRAJES DE BAÑO,MANFEXL093,SHORT,mallasacrobata
0510004560,MANFREDONIA TXXL UNICO,,TRAJES DE BAÑO,MANXXL093,SHORT,mallasacrobata
0510004600,MAUI TXL UNICO,,TRAJES DE BAÑO,MAUEXLUNI,SHORT,mallasacrobata
0510004610,NAPOLES TS UNICO,,TRAJES DE BAÑO,NAPOSMA093,SHORT,mallasacrobata
0510004620,NAPOLES TM UNICO,,TRAJES DE BAÑO,NAPOMED093,SHORT,mallasacrobata
0510004630,NAPOLES TL UNICO,,TRAJES DE BAÑO,NAPOLAR093,SHORT,mallasacrobata
0510004640,NAPOLES TXL UNICO,,TRAJES DE BAÑO,NAPOEXL093,SHORT,mallasacrobata
0510004650,NAPOLES TXXL UNICO,,TRAJES DE BAÑO,NAPOXXL093,SHORT,mallasacrobata
0510004700,PANAMA TS UNICO,,TRAJES DE BAÑO,PANASMA093,SHORT,mallasacrobata
0510004710,PANAMA TM UNICO,,TRAJES DE BAÑO,PANAMED093,SHORT,mallasacrobata
0510004720,PANAMA TL UNICO,,TRAJES DE BAÑO,PANALAR093,SHORT,mallasacrobata
0510004730,PANAMA TXL UNICO,,TRAJES DE BAÑO,PANAEXL093,SHORT,mallasacrobata
0510004740,POLINESIA TS UNICO,,TRAJES DE BAÑO,POLISMA093,SHORT,mallasacrobata
0510004750,POLINESIA TM UNICO,,TRAJES DE BAÑO,POLIMED093,SHORT,mallasacrobata
0510004760,POLINESIA TL UNICO,,TRAJES DE BAÑO,POLILAR093,SHORT,mallasacrobata
0510004770,POLINESIA TXL UNICO,,TRAJES DE BAÑO,POLIEXL093,SHORT,mallasacrobata
0510004900,TOSCANA TS UNICO,,TRAJES DE BAÑO,TOSCSMA093,SHORT,mallasacrobata
0510004910,TOSCANA TM UNICO,,TRAJES DE BAÑO,TOSCMED093,SHORT,mallasacrobata
0510004920,TOSCANA TL UNICO,,TRAJES DE BAÑO,TOSCLAR093,SHORT,mallasacrobata
0510004930,TOSCANA TXL UNICO,,TRAJES DE BAÑO,TOSCEXL093,SHORT,mallasacrobata
0510004940,TOSCANA TXXL UNICO,,TRAJES DE BAÑO,TOSCXXL093,SHORT,mallasacrobata
0510004990,ITALIA JR  T06 FLAMINGO,,TRAJES DE BAÑO,ITAJ006069,SHORT,mallasacrobata
0510005000,ITALIA JR  T10 FLAMINGO,,TRAJES DE BAÑO,ITAJ010069,SHORT,mallasacrobata
0510005010,ITALIA JR  T14 FLAMINGO,,TRAJES DE BAÑO,ITAJ 014069,SHORT,mallasacrobata
0510005020,ITALIA JR  T18 FLAMINGO,,TRAJES DE BAÑO,ITAJ018069,SHORT,mallasacrobata
0510005030,ITALIA JR T06 MENTA,,TRAJES DE BAÑO,ITAJ006121,SHORT,mallasacrobata
0510005040,ITALIA JR T10 MENTA,,TRAJES DE BAÑO,ITAJ010121,SHORT,mallasacrobata
0510005050,ITALIA JR T14 MENTA,,TRAJES DE BAÑO,ITAJ 014121,SHORT,mallasacrobata
0510005060,ITALIA JR T18 MENTA,,TRAJES DE BAÑO,ITAJ018121,SHORT,mallasacrobata
0510005070,CALIFORNIA JR T06 UNICO,,TRAJES DE BAÑO,CALJ006093,SHORT,mallasacrobata
0510005080,CALIFORNIA JR T10 UNICO,,TRAJES DE BAÑO,CALJ010093,SHORT,mallasacrobata
0510005090,CALIFORNIA JR T14 UNICO,,TRAJES DE BAÑO,CALJ014093,SHORT,mallasacrobata
0510005100,CALIFORNIA JR T18 UNICO,,TRAJES DE BAÑO,CALJ018093,SHORT,mallasacrobata
0510005110,CUBA JR T06 UNICO,,TRAJES DE BAÑO,CUBJ006093,SHORT,mallasacrobata
0510005120,CUBA JR T10 UNICO,,TRAJES DE BAÑO,CUBJ010093,SHORT,mallasacrobata
0510005130,CUBA JR T14 UNICO,,TRAJES DE BAÑO,CUBJ014093,SHORT,mallasacrobata
0510005140,CUBA JR T18 UNICO,,TRAJES DE BAÑO,CUBJ018093,SHORT,mallasacrobata
0510005150,MANFREDONIA JR T06 UNICO,,TRAJES DE BAÑO,MANJ006093,SHORT,mallasacrobata
0510005160,MANFREDONIA JR T10 UNICO,,TRAJES DE BAÑO,MANJ010093,SHORT,mallasacrobata
0510005170,MANFREDONIA JR T14 UNICO,,TRAJES DE BAÑO,MANJ014093,SHORT,mallasacrobata
0510005180,MANFREDONIA JR T18 UNICO,,TRAJES DE BAÑO,MANJ018093,SHORT,mallasacrobata
0510005190,MAUI JR T06 UNI,,TRAJES DE BAÑO,MAUJ006093,SHORT,mallasacrobata
0510005200,MAUI JR T10 UNI,,TRAJES DE BAÑO,MAUJ010093,SHORT,mallasacrobata
0510005210,MAUI JR T16 UNI,,TRAJES DE BAÑO,MAUJ016093,SHORT,mallasacrobata
0510005220,MAUI JR T18 UNI,,TRAJES DE BAÑO,MAUJ018093,SHORT,mallasacrobata
0510005230,SIDNEY JR T06 UNI,,TRAJES DE BAÑO,SIDJ006093,SHORT,mallasacrobata
0510005240,SIDNEY JR T10 UNI,,TRAJES DE BAÑO,SIDJ010093,SHORT,mallasacrobata
0510005250,SIDNEY JR T16 UNI,,TRAJES DE BAÑO,SIDJ016093,SHORT,mallasacrobata
0510005260,SIDNEY JR T18 UNI,,TRAJES DE BAÑO,SIDJ018093,SHORT,mallasacrobata
0510005330,SIDNEY JR T12-14 UNI,,TRAJES DE BAÑO,SIDJ014093,SHORT,mallasacrobata
0510005340,MAUI.JR T12-14 UNICO,MALLA,TRAJES DE BAÑO,MAUJ014093,SHORT,mallasacrobata
0510005350,ITALIAJR 12 14 FLAMINGO,MALLA,TRAJES DE BAÑO,ITAJ014069,SHORT,mallasacrobata
0510005360,ITALIAJR 12 14 MENTA,MALLA,TRAJES DE BAÑO,ITAJ014121,SHORT,mallasacrobata
0513000010,RIO JR T4/6,SHORT,TRAJES DE BAÑO,RIJR001UNI,ZUNGA,mallasacrobata
0513000020,RIO JR T8/10,SHORT,TRAJES DE BAÑO,RIJR00810UNI,ZUNGA,mallasacrobata
0513000030,RIO JR T12/14,SHORT,TRAJES DE BAÑO,RIJR001214UNI,ZUNGA,mallasacrobata
0513000040,RIO JR T16/18,SHORT,TRAJES DE BAÑO,RIJR001618UNI,ZUNGA,mallasacrobata
0513000050,RIO JR T4,SHORT,TRAJES DE BAÑO,RIJR004UNI,ZUNGA,mallasacrobata
0513000060,RIOJR T6 MARINO,SHORT,TRAJES DE BAÑO,RIJR006UNI,ZUNGA,mallasacrobata
0513000070,RIOJR ZUNGA NIÑO,SHORT,TRAJES DE BAÑO,RIOJR,ZUNGA,mallasacrobata
0513000080,RIO JR T02 UNICO,,TRAJES DE BAÑO,RIOJ002093,ZUNGA,mallasacrobata
0513000090,RIO JR T04 UNICO,,TRAJES DE BAÑO,RIOJ004093,ZUNGA,mallasacrobata
0513000100,RIO JR T06 UNICO,,TRAJES DE BAÑO,RIOJ006093,ZUNGA,mallasacrobata
