id_art,SKUCode,codigo,talle,color,peso,marca,Description,AdditionalDescription,familia,BarCode,agrupacion
91057,0305003500,RIO,JR,T2,0,mallasacrobata,"RIO JR T2",SHORT,INDUMENTARIA,RIJR002UNI,SHORT
91058,0305003510,CANCUN,TS,VARIOS,0,mallasacrobata,"CANCUN TS",SHORT,INDUMENTARIA,CANCSMA093,SHORT
91059,0305003520,RIO,JR,T16/18,0,mallasacrobata,"RIO JR T16/18",SHORT,INDUMENTARIA,RIJR003UNI,SHORT
91060,0510000010,ARUBA,SHORT,VARIOS,0,mallasacrobata,"ARUBA SHORT",SHORT,"TRAJES DE BAÑO",ARUBA,SHORT
91061,0510000020,ARUBA,TXL,VARIOS,0,mallasacrobata,"ARUBA TXL",SHORT,"TRAJES DE BAÑO",ARUBEXLUNI,SHORT
91062,0510000030,ARUBA,TL,VARIOS,0,mallasacrobata,"ARUBA TL",SHORT,"TRAJES DE BAÑO",ARUBLARUNI,SHORT
91063,0510000040,ARUBA,TM,VARIOS,0,mallasacrobata,"ARUBA TM",SHORT,"TRAJES DE BAÑO",ARUBMEDUNI,SHORT
91064,0510000050,ARUBA,TS,VARIOS,0,mallasacrobata,"ARUBA TS",SHORT,"TRAJES DE BAÑO",ARUBSMAUNI,SHORT
91065,0510000060,BAHAMASBR,T4-6,VARIOS,0,mallasacrobata,"BAHAMASBR T4-6",SHORT,"TRAJES DE BAÑO",BAHA0406UNI,SHORT
91066,0510000070,BAHAMASBR,T8-10,VARIOS,0,mallasacrobata,"BAHAMASBR T8-10",SHORT,"TRAJES DE BAÑO",BAHA0810UNI,SHORT
91067,0510000080,BAHAMASBR,T12-14,VARIOS,0,mallasacrobata,"BAHAMASBR T12-14",SHORT,"TRAJES DE BAÑO",BAHA1214UNI,SHORT
91068,0510000090,BAHAMASBR,TXL,VARIOS,0,mallasacrobata,"BAHAMASBR TXL",SHORT,"TRAJES DE BAÑO",BAHAEXLUNI,SHORT
91069,0510000100,BAHAMASBR,TL,VARIOS,0,mallasacrobata,"BAHAMASBR TL",SHORT,"TRAJES DE BAÑO",BAHALARUNI,SHORT
91070,0510000110,BAHAMAS,SHORT,VARIOS,0,mallasacrobata,"BAHAMAS SHORT",SHORT,"TRAJES DE BAÑO",BAHAMAS,SHORT
91071,0510000120,BAHAMASJR,JUNIOR,SHORT,0,mallasacrobata,"BAHAMASJR JUNIOR SHORT",SHORT,"TRAJES DE BAÑO",BAHAMASJR,SHORT
91072,0510000130,BAHAMASBR,TS,VARIOS,0,mallasacrobata,"BAHAMASBR TS",SHORT,"TRAJES DE BAÑO",BAHASMAUNI,SHORT
91073,0510000140,BAHAMASBR,TM,VARIOS,0,mallasacrobata,"BAHAMASBR TM",SHORT,"TRAJES DE BAÑO",BAHMEDAUNI,SHORT
91074,0510000150,BALI,SHORT,VARIOS,0,mallasacrobata,"BALI SHORT",SHORT,"TRAJES DE BAÑO",BALI,SHORT
91075,0510000160,BALI,TXL,VARIOS,0,mallasacrobata,"BALI TXL",SHORT,"TRAJES DE BAÑO",BALIEXLUNI,SHORT
91076,0510000170,BALI,TL,VARIOS,0,mallasacrobata,"BALI TL",SHORT,"TRAJES DE BAÑO",BALILARUNI,SHORT
91077,0510000180,BALI,TM,VARIOS,0,mallasacrobata,"BALI TM",SHORT,"TRAJES DE BAÑO",BALIMEDUNI,SHORT
91078,0510000190,BALI,TS,VARIOS,0,mallasacrobata,"BALI TS",SHORT,"TRAJES DE BAÑO",BALISMAUNI,SHORT
91079,0510000200,BARCELONA,SHORT,VARIOS,0,mallasacrobata,"BARCELONA SHORT",SHORT,"TRAJES DE BAÑO",BARCELONA,SHORT
91080,0510000210,BARCELONABR,TXL,VARIOS,0,mallasacrobata,"BARCELONABR TXL",SHORT,"TRAJES DE BAÑO",BARCEXLUNI,SHORT
91081,0510000220,BARCELONABR,TL,VARIOS,0,mallasacrobata,"BARCELONABR TL",SHORT,"TRAJES DE BAÑO",BARCLARUNI,SHORT
91082,0510000230,BARCELONABR,TM,VARIOS,0,mallasacrobata,"BARCELONABR TM",SHORT,"TRAJES DE BAÑO",BARCMEDUNI,SHORT
91083,0510000240,BARCELONABR,TS,VARIOS,0,mallasacrobata,"BARCELONABR TS",SHORT,"TRAJES DE BAÑO",BARCSMAUNI,SHORT
91084,0510000250,BARCELONABR,TXL,VARIOS,0,mallasacrobata,"BARCELONABR TXL",SHORT,"TRAJES DE BAÑO",BARXLAUNI,SHORT
91085,0510000260,CALIFORNIA,JR,T4/6,0,mallasacrobata,"CALIFORNIA JR T4/6",SHORT,"TRAJES DE BAÑO",CAJR001UNI,SHORT
91086,0510000270,CALIFORNIA,JR,T8/10,0,mallasacrobata,"CALIFORNIA JR T8/10",SHORT,"TRAJES DE BAÑO",CAJR002UNI,SHORT
91087,0510000280,CALIFORNIA,JR,T12/14,0,mallasacrobata,"CALIFORNIA JR T12/14",SHORT,"TRAJES DE BAÑO",CAJR003UNI,SHORT
91088,0510000290,CALIFORNIA,JR,T16/18,0,mallasacrobata,"CALIFORNIA JR T16/18",SHORT,"TRAJES DE BAÑO",CAJR004UNI,SHORT
91089,0510000300,CALIFORNIA,TXL,VARIOS,0,mallasacrobata,"CALIFORNIA TXL",SHORT,"TRAJES DE BAÑO",CALIEXLUNI,SHORT
91090,0510000310,CALIFORNIA,SHORT,VARIOS,0,mallasacrobata,"CALIFORNIA SHORT",SHORT,"TRAJES DE BAÑO",CALIFORNIA,SHORT
91091,0510000320,CALIFORNIA,SHORT,JUNIOR,0,mallasacrobata,"CALIFORNIA SHORT JUNIOR",SHORT,"TRAJES DE BAÑO",CALIFORNIAJR,SHORT
91092,0510000330,CALIFORNIA,TL,VARIOS,0,mallasacrobata,"CALIFORNIA TL",SHORT,"TRAJES DE BAÑO",CALILARUNI,SHORT
91093,0510000340,CALIFORNIA,TM,VARIOS,0,mallasacrobata,"CALIFORNIA TM",SHORT,"TRAJES DE BAÑO",CALIMEDUNI,SHORT
91094,0510000350,CALIFORNIA,TS,VARIOS,0,mallasacrobata,"CALIFORNIA TS",SHORT,"TRAJES DE BAÑO",CALISMAUNI,SHORT
91095,0510000360,CANCUN,TXL,VARIOS,0,mallasacrobata,"CANCUN TXL",SHORT,"TRAJES DE BAÑO",CANCEXLUNI,SHORT
91096,0510000370,CANCUN,TL,VARIOS,0,mallasacrobata,"CANCUN TL",SHORT,"TRAJES DE BAÑO",CANCLARUNI,SHORT
91097,0510000380,CANCUN,TM,VARIOS,0,mallasacrobata,"CANCUN TM",SHORT,"TRAJES DE BAÑO",CANCMEDUNI,SHORT
91098,0510000390,CANCUN,TS,VARIOS,0,mallasacrobata,"CANCUN TS",SHORT,"TRAJES DE BAÑO",CANCSMAUNI,SHORT
91099,0510000400,CANCUN,SHORT,VARIOS,0,mallasacrobata,"CANCUN SHORT",SHORT,"TRAJES DE BAÑO",CANCUN,SHORT
91100,0510000410,GRECIABR,TXL,CORAL,0,mallasacrobata,"GRECIABR TXL CORAL",SHORT,"TRAJES DE BAÑO",GRECEXL005,SHORT
91101,0510000420,GRECIABR,TXL,CELESTE,0,mallasacrobata,"GRECIABR TXL CELESTE",SHORT,"TRAJES DE BAÑO",GRECEXL007,SHORT
91102,0510000430,GRECIA,BORDO,TXL,0,mallasacrobata,"GRECIA BORDO TXL",SHORT,"TRAJES DE BAÑO",GRECEXL085,SHORT
91103,0510000440,GRECIA,JEAN,TXL,0,mallasacrobata,"GRECIA JEAN TXL",SHORT,"TRAJES DE BAÑO",GRECEXL089,SHORT
91104,0510000450,GRECIA,TURQUESA,TXL,0,mallasacrobata,"GRECIA TURQUESA TXL",SHORT,"TRAJES DE BAÑO",GRECEXL104,SHORT
91105,0510000460,GRECIA,SHORT,VARIOS,0,mallasacrobata,"GRECIA SHORT",SHORT,"TRAJES DE BAÑO",GRECIA,SHORT
91106,0510000470,GRECIABR,TL,CORAL,0,mallasacrobata,"GRECIABR TL CORAL",SHORT,"TRAJES DE BAÑO",GRECLAR005,SHORT
91107,0510000480,GRECIABR,TL,CELESTE,0,mallasacrobata,"GRECIABR TL CELESTE",SHORT,"TRAJES DE BAÑO",GRECLAR007,SHORT
91108,0510000490,GRECIA,BORDO,TL,0,mallasacrobata,"GRECIA BORDO TL",SHORT,"TRAJES DE BAÑO",GRECLAR085,SHORT
91109,0510000500,GRECIA,JEAN,TL,0,mallasacrobata,"GRECIA JEAN TL",SHORT,"TRAJES DE BAÑO",GRECLAR089,SHORT
91110,0510000510,GRECIA,TURQUESA,TL,0,mallasacrobata,"GRECIA TURQUESA TL",SHORT,"TRAJES DE BAÑO",GRECLAR104,SHORT
91111,0510000520,GRECIABR,TM,CORAL,0,mallasacrobata,"GRECIABR TM CORAL",SHORT,"TRAJES DE BAÑO",GRECMED005,SHORT
91112,0510000530,GRECIABR,TM,CELESTE,0,mallasacrobata,"GRECIABR TM CELESTE",SHORT,"TRAJES DE BAÑO",GRECMED007,SHORT
91113,0510000540,GRECIA,BORDO,TM,0,mallasacrobata,"GRECIA BORDO TM",SHORT,"TRAJES DE BAÑO",GRECMED085,SHORT
91114,0510000550,GRECIA,JEAN,TM,0,mallasacrobata,"GRECIA JEAN TM",SHORT,"TRAJES DE BAÑO",GRECMED089,SHORT
91115,0510000560,GRECIA,TURQUESA,TM,0,mallasacrobata,"GRECIA TURQUESA TM",SHORT,"TRAJES DE BAÑO",GRECMED104,SHORT
91116,0510000570,GRECIABR,TS,CORAL,0,mallasacrobata,"GRECIABR TS CORAL",SHORT,"TRAJES DE BAÑO",GRECSMA005,SHORT
91117,0510000580,GRECIABR,TS,CELESTE,0,mallasacrobata,"GRECIABR TS CELESTE",SHORT,"TRAJES DE BAÑO",GRECSMA007,SHORT
91118,0510000590,GRECIA,BORDO,TS,0,mallasacrobata,"GRECIA BORDO TS",SHORT,"TRAJES DE BAÑO",GRECSMA085,SHORT
91119,0510000600,GRECIA,JEAN,TS,0,mallasacrobata,"GRECIA JEAN TS",SHORT,"TRAJES DE BAÑO",GRECSMA089,SHORT
91120,0510000610,GRECIA,TURQUESA,TS,0,mallasacrobata,"GRECIA TURQUESA TS",SHORT,"TRAJES DE BAÑO",GRECSMA104,SHORT
91121,0510000620,HAWAIIBR,JR,T4-6,0,mallasacrobata,"HAWAIIBR JR T4-6",SHORT,"TRAJES DE BAÑO",HAW0406093,SHORT
91122,0510000630,HAWAIIBR,JR,T8-10,0,mallasacrobata,"HAWAIIBR JR T8-10",SHORT,"TRAJES DE BAÑO",HAW0810093,SHORT
91123,0510000640,HAWAIIBR,JR,T12-14,0,mallasacrobata,"HAWAIIBR JR T12-14",SHORT,"TRAJES DE BAÑO",HAW1214093,SHORT
91124,0510000650,HAWAIIBR,TXL,VARIOS,0,mallasacrobata,"HAWAIIBR TXL",SHORT,"TRAJES DE BAÑO",HAWAEXLUNI,SHORT
91125,0510000660,HAWAII,SHORT,VARIOS,0,mallasacrobata,"HAWAII SHORT",SHORT,"TRAJES DE BAÑO",HAWAII,SHORT
91126,0510000670,HAWAIIJR,JUNIOR,SHORT,0,mallasacrobata,"HAWAIIJR JUNIOR SHORT",SHORT,"TRAJES DE BAÑO",HAWAIIJR,SHORT
91127,0510000680,HAWAIIXXL,SHORT,VARIOS,0,mallasacrobata,"HAWAIIXXL SHORT",SHORT,"TRAJES DE BAÑO",HAWAIIXXL,SHORT
91128,0510000690,HAWAIIBR,TL,VARIOS,0,mallasacrobata,"HAWAIIBR TL",SHORT,"TRAJES DE BAÑO",HAWALARUNI,SHORT
91129,0510000700,HAWAIIBR,TM,VARIOS,0,mallasacrobata,"HAWAIIBR TM",SHORT,"TRAJES DE BAÑO",HAWAMEDUNI,SHORT
91130,0510000710,HAWAIIBR,TS,VARIOS,0,mallasacrobata,"HAWAIIBR TS",SHORT,"TRAJES DE BAÑO",HAWASMAUNI,SHORT
91131,0510000720,HAWAIIBR,TXXL,VARIOS,0,mallasacrobata,"HAWAIIBR TXXL",SHORT,"TRAJES DE BAÑO",HAWAXXLUNI,SHORT
91132,0510000730,INDONESIABR,TXL,VARIOS,0,mallasacrobata,"INDONESIABR TXL",SHORT,"TRAJES DE BAÑO",INDOEXLUNI,SHORT
91133,0510000740,INDONESIABR,TL,VARIOS,0,mallasacrobata,"INDONESIABR TL",SHORT,"TRAJES DE BAÑO",INDOLARUNI,SHORT
91134,0510000750,INDONESIABR,TM,VARIOS,0,mallasacrobata,"INDONESIABR TM",SHORT,"TRAJES DE BAÑO",INDOMEDUNI,SHORT
91135,0510000760,INDONESIA,SHORT,VARIOS,0,mallasacrobata,"INDONESIA SHORT",SHORT,"TRAJES DE BAÑO",INDONESIA,SHORT
91136,0510000770,INDONESIABR,TS,VARIOS,0,mallasacrobata,"INDONESIABR TS",SHORT,"TRAJES DE BAÑO",INDOSMAUNI,SHORT
91137,0510000780,ITALIABR,T4-6,VARIOS,0,mallasacrobata,"ITALIABR T4-6",SHORT,"TRAJES DE BAÑO",ITA0406093,SHORT
91138,0510000790,ITALIABR,T8-10,VARIOS,0,mallasacrobata,"ITALIABR T8-10",SHORT,"TRAJES DE BAÑO",ITA0810093,SHORT
91139,0510000800,ITALIABR,T12-14,VARIOS,0,mallasacrobata,"ITALIABR T12-14",SHORT,"TRAJES DE BAÑO",ITA1214093,SHORT
91140,0510000810,ITALIA,NEGRO,TXL,0,mallasacrobata,"ITALIA NEGRO TXL",SHORT,"TRAJES DE BAÑO",ITALEXL002,SHORT
91141,0510000820,ITALIA,FUCSIA,TXL,0,mallasacrobata,"ITALIA FUCSIA TXL",SHORT,"TRAJES DE BAÑO",ITALEXL006,SHORT
91142,0510000830,ITALIA,MARINO,TXL,0,mallasacrobata,"ITALIA MARINO TXL",SHORT,"TRAJES DE BAÑO",ITALEXL016,SHORT
91143,0510000840,ITALIABR,TXL,ACQUA,0,mallasacrobata,"ITALIABR TXL ACQUA",SHORT,"TRAJES DE BAÑO",ITALEXL050,SHORT
91144,0510000850,ITALIA,FRANCIA,TXL,0,mallasacrobata,"ITALIA FRANCIA TXL",SHORT,"TRAJES DE BAÑO",ITALEXL051,SHORT
91145,0510000860,ITALIA,TXL,VERDE,0,mallasacrobata,"ITALIA TXL VERDE FLUO",SHORT,"TRAJES DE BAÑO",ITALEXL084,SHORT
91146,0510000870,ITALIA,SHORT,VARIOS,0,mallasacrobata,"ITALIA SHORT",SHORT,"TRAJES DE BAÑO",ITALIA,SHORT
91147,0510000880,ITALIAJR,SHORT,NIÑO,0,mallasacrobata,"ITALIAJR SHORT NIÑO",SHORT,"TRAJES DE BAÑO",ITALIAJR,SHORT
91148,0510000890,ITALIAXXL,SHORT,VARIOS,0,mallasacrobata,"ITALIAXXL SHORT",SHORT,"TRAJES DE BAÑO",ITALIAXXL,SHORT
91149,0510000900,ITALIA,NEGRO,TL,0,mallasacrobata,"ITALIA NEGRO TL",SHORT,"TRAJES DE BAÑO",ITALLAR002,SHORT
91150,0510000910,ITALIA,FUCSIA,TL,0,mallasacrobata,"ITALIA FUCSIA TL",SHORT,"TRAJES DE BAÑO",ITALLAR006,SHORT
91151,0510000920,ITALIA,MARINO,TL,0,mallasacrobata,"ITALIA MARINO TL",SHORT,"TRAJES DE BAÑO",ITALLAR016,SHORT
91152,0510000930,ITALIABR,TL,ACQUA,0,mallasacrobata,"ITALIABR TL ACQUA",SHORT,"TRAJES DE BAÑO",ITALLAR050,SHORT
91153,0510000940,ITALIA,FRANCIA,TL,0,mallasacrobata,"ITALIA FRANCIA TL",SHORT,"TRAJES DE BAÑO",ITALLAR051,SHORT
91154,0510000950,ITALIA,TL,VERDE,0,mallasacrobata,"ITALIA TL VERDE FLUO",SHORT,"TRAJES DE BAÑO",ITALLAR084,SHORT
91155,0510000960,ITALIA,NEGRO,TM,0,mallasacrobata,"ITALIA NEGRO TM",SHORT,"TRAJES DE BAÑO",ITALMED002,SHORT
91156,0510000970,ITALIA,FUCSIA,TM,0,mallasacrobata,"ITALIA FUCSIA TM",SHORT,"TRAJES DE BAÑO",ITALMED006,SHORT
91157,0510000980,ITALIA,MARINO,TM,0,mallasacrobata,"ITALIA MARINO TM",SHORT,"TRAJES DE BAÑO",ITALMED016,SHORT
91158,0510000990,ITALIABR,TM,ACQUA,0,mallasacrobata,"ITALIABR TM ACQUA",SHORT,"TRAJES DE BAÑO",ITALMED050,SHORT
91159,0510001000,ITALIA,FRANCIA,TM,0,mallasacrobata,"ITALIA FRANCIA TM",SHORT,"TRAJES DE BAÑO",ITALMED051,SHORT
91160,0510001010,ITALIA,TM,VERDE,0,mallasacrobata,"ITALIA TM VERDE FLUO",SHORT,"TRAJES DE BAÑO",ITALMED084,SHORT
91161,0510001020,ITALIA,NEGRO,TS,0,mallasacrobata,"ITALIA NEGRO TS",SHORT,"TRAJES DE BAÑO",ITALSMA002,SHORT
91162,0510001030,ITALIA,FUCSIA,TS,0,mallasacrobata,"ITALIA FUCSIA TS",SHORT,"TRAJES DE BAÑO",ITALSMA006,SHORT
91163,0510001040,ITALIA,MARINO,TS,0,mallasacrobata,"ITALIA MARINO TS",SHORT,"TRAJES DE BAÑO",ITALSMA016,SHORT
91164,0510001050,ITALIABR,TS,ACQUA,0,mallasacrobata,"ITALIABR TS ACQUA",SHORT,"TRAJES DE BAÑO",ITALSMA050,SHORT
91165,0510001060,ITALIA,FRANCIA,TS,0,mallasacrobata,"ITALIA FRANCIA TS",SHORT,"TRAJES DE BAÑO",ITALSMA051,SHORT
91166,0510001070,ITALIA,TS,VERDE,0,mallasacrobata,"ITALIA TS VERDE FLUO",SHORT,"TRAJES DE BAÑO",ITALSMA084,SHORT
91167,0510001080,ITALIA,NEGRO,TXXL,0,mallasacrobata,"ITALIA NEGRO TXXL",SHORT,"TRAJES DE BAÑO",ITALXXL002,SHORT
91168,0510001090,ITALIA,FUCSIA,TXXL,0,mallasacrobata,"ITALIA FUCSIA TXXL",SHORT,"TRAJES DE BAÑO",ITALXXL006,SHORT
91169,0510001100,ITALIA,MARINO,TXXL,0,mallasacrobata,"ITALIA MARINO TXXL",SHORT,"TRAJES DE BAÑO",ITALXXL016,SHORT
91170,0510001110,ITALIABR,TXXL,ACQUA,0,mallasacrobata,"ITALIABR TXXL ACQUA",SHORT,"TRAJES DE BAÑO",ITALXXL050,SHORT
91171,0510001120,ITALIA,FRANCIA,TXXL,0,mallasacrobata,"ITALIA FRANCIA TXXL",SHORT,"TRAJES DE BAÑO",ITALXXL051,SHORT
91172,0510001130,ITALIA,TXXL,VERDE,0,mallasacrobata,"ITALIA TXXL VERDE FLUO",SHORT,"TRAJES DE BAÑO",ITALXXL084,SHORT
91173,0510001140,ITALIA,JR,T4/6,0,mallasacrobata,"ITALIA JR T4/6",SHORT,"TRAJES DE BAÑO",ITJR001UNI,SHORT
91174,0510001150,ITALIA,JR,T8/10,0,mallasacrobata,"ITALIA JR T8/10",SHORT,"TRAJES DE BAÑO",ITJR002UNI,SHORT
91175,0510001160,ITALIA,JR,T12/14,0,mallasacrobata,"ITALIA JR T12/14",SHORT,"TRAJES DE BAÑO",ITJR003UNI,SHORT
91176,0510001170,ITALIA,JR,T16/18,0,mallasacrobata,"ITALIA JR T16/18",SHORT,"TRAJES DE BAÑO",ITJR004UNI,SHORT
91177,0510001180,JAMAICA,BLUE,TXL,0,mallasacrobata,"JAMAICA BLUE TXL",SHORT,"TRAJES DE BAÑO",JAMAEXL061,SHORT
91178,0510001190,JAMAICA,ORANGE,TXL,0,mallasacrobata,"JAMAICA ORANGE TXL",SHORT,"TRAJES DE BAÑO",JAMAEXL105,SHORT
91179,0510001200,JAMAICA,SHORT,VARIOS,0,mallasacrobata,"JAMAICA SHORT",SHORT,"TRAJES DE BAÑO",JAMAICA,SHORT
91180,0510001210,JAMAICA,BLUE,TL,0,mallasacrobata,"JAMAICA BLUE TL",SHORT,"TRAJES DE BAÑO",JAMALAR061,SHORT
91181,0510001220,JAMAICA,ORANGE,TL,0,mallasacrobata,"JAMAICA ORANGE TL",SHORT,"TRAJES DE BAÑO",JAMALAR105,SHORT
91182,0510001230,JAMAICA,BLUE,TM,0,mallasacrobata,"JAMAICA BLUE TM",SHORT,"TRAJES DE BAÑO",JAMAMED061,SHORT
91183,0510001240,JAMAICA,ORANGE,TM,0,mallasacrobata,"JAMAICA ORANGE TM",SHORT,"TRAJES DE BAÑO",JAMAMED105,SHORT
91184,0510001250,JAMAICA,BLUE,TS,0,mallasacrobata,"JAMAICA BLUE TS",SHORT,"TRAJES DE BAÑO",JAMASMA061,SHORT
91185,0510001260,JAMAICA,ORANGE,TS,0,mallasacrobata,"JAMAICA ORANGE TS",SHORT,"TRAJES DE BAÑO",JAMASMA105,SHORT
91186,0510001270,LEBLONBR,TXL,VARIOS,0,mallasacrobata,"LEBLONBR TXL",SHORT,"TRAJES DE BAÑO",LEBLEXLUNI,SHORT
91187,0510001280,LEBLONBR,TL,VARIOS,0,mallasacrobata,"LEBLONBR TL",SHORT,"TRAJES DE BAÑO",LEBLLARUNI,SHORT
91188,0510001290,LEBLONBR,TM,VARIOS,0,mallasacrobata,"LEBLONBR TM",SHORT,"TRAJES DE BAÑO",LEBLMEDUNI,SHORT
91189,0510001300,LEBLON,SHORT,VARIOS,0,mallasacrobata,"LEBLON SHORT",SHORT,"TRAJES DE BAÑO",LEBLON,SHORT
91190,0510001310,LEBLONBR,TS,VARIOS,0,mallasacrobata,"LEBLONBR TS",SHORT,"TRAJES DE BAÑO",LEBLSMAUNI,SHORT
91191,0510001320,MALIBU,JR,T4/6,0,mallasacrobata,"MALIBU JR T4/6",SHORT,"TRAJES DE BAÑO",MAJR001UNI,SHORT
91192,0510001330,MALIBU,JR,T8/10,0,mallasacrobata,"MALIBU JR T8/10",SHORT,"TRAJES DE BAÑO",MAJR002UNI,SHORT
91193,0510001340,MALIBU,JR,T12/14,0,mallasacrobata,"MALIBU JR T12/14",SHORT,"TRAJES DE BAÑO",MAJR003UNI,SHORT
91194,0510001350,MALIBU,JR,T16/18,0,mallasacrobata,"MALIBU JR T16/18",SHORT,"TRAJES DE BAÑO",MAJR004UNI,SHORT
91195,0510001360,MALIBU,SHORT,VARIOS,0,mallasacrobata,"MALIBU SHORT",SHORT,"TRAJES DE BAÑO",MALIBU,SHORT
91196,0510001370,MALIBU,SHORT,JUNIOR,0,mallasacrobata,"MALIBU SHORT JUNIOR",SHORT,"TRAJES DE BAÑO",MALIBUJR,SHORT
91197,0510001380,MALIBU,TXL,VARIOS,0,mallasacrobata,"MALIBU TXL",SHORT,"TRAJES DE BAÑO",MALIEXLUNI,SHORT
91198,0510001390,MALIBU,TL,VARIOS,0,mallasacrobata,"MALIBU TL",SHORT,"TRAJES DE BAÑO",MALILARUNI,SHORT
91199,0510001400,MALIBU,TM,VARIOS,0,mallasacrobata,"MALIBU TM",SHORT,"TRAJES DE BAÑO",MALIMEDUNI,SHORT
91200,0510001410,MALIBU,TS,VARIOS,0,mallasacrobata,"MALIBU TS",SHORT,"TRAJES DE BAÑO",MALISMAUNI,SHORT
91201,0510001420,MARBELLABR,JR,T4-6,0,mallasacrobata,"MARBELLABR JR T4-6",SHORT,"TRAJES DE BAÑO",MAR0406093,SHORT
91202,0510001430,MARBELLABR,JR,T8-10,0,mallasacrobata,"MARBELLABR JR T8-10",SHORT,"TRAJES DE BAÑO",MAR0810093,SHORT
91203,0510001440,MARBELLABR,JR,T12-14,0,mallasacrobata,"MARBELLABR JR T12-14",SHORT,"TRAJES DE BAÑO",MAR1214093,SHORT
91204,0510001450,MARBELLA,SHORT,VARIOS,0,mallasacrobata,"MARBELLA SHORT",SHORT,"TRAJES DE BAÑO",MARBELLA,SHORT
91205,0510001460,MARBELLAJR,SHORT,VARIOS,0,mallasacrobata,"MARBELLAJR SHORT",SHORT,"TRAJES DE BAÑO",MARBELLAJR,SHORT
91206,0510001470,MARBELLA,TXL,VARIOS,0,mallasacrobata,"MARBELLA TXL",SHORT,"TRAJES DE BAÑO",MARBEXLUNI,SHORT
91207,0510001480,MARBELLA,TL,VARIOS,0,mallasacrobata,"MARBELLA TL",SHORT,"TRAJES DE BAÑO",MARBLARUNI,SHORT
91208,0510001490,MARBELLA,TM,VARIOS,0,mallasacrobata,"MARBELLA TM",SHORT,"TRAJES DE BAÑO",MARBMEDUNI,SHORT
91209,0510001500,MARBELLA,TS,VARIOS,0,mallasacrobata,"MARBELLA TS",SHORT,"TRAJES DE BAÑO",MARBSMAUNI,SHORT
91210,0510001520,MAUI,TXL,VARIOS,0,mallasacrobata,"MAUI TXL",SHORT,"TRAJES DE BAÑO",MAUIEXL093,SHORT
91211,0510001530,MAUI,TL,VARIOS,0,mallasacrobata,"MAUI TL",SHORT,"TRAJES DE BAÑO",MAUILAR093,SHORT
91212,0510001540,MAUI,TM,VARIOS,0,mallasacrobata,"MAUI TM",SHORT,"TRAJES DE BAÑO",MAUIMED093,SHORT
91213,0510001550,MAUI,TS,VARIOS,0,mallasacrobata,"MAUI TS",SHORT,"TRAJES DE BAÑO",MAUISMA093,SHORT
91214,0510001560,MIAMI,TXL,VARIOS,0,mallasacrobata,"MIAMI TXL",SHORT,"TRAJES DE BAÑO",MIAMEXL093,SHORT
91215,0510001580,MIAMIXXL,SHORT,VARIOS,0,mallasacrobata,"MIAMIXXL SHORT",SHORT,"TRAJES DE BAÑO",MIAMIXXL,SHORT
91216,0510001590,MIAMI,TL,VARIOS,0,mallasacrobata,"MIAMI TL",SHORT,"TRAJES DE BAÑO",MIAMLARUNI,SHORT
91217,0510001600,MIAMI,TM,VARIOS,0,mallasacrobata,"MIAMI TM",SHORT,"TRAJES DE BAÑO",MIAMMEDUNI,SHORT
91218,0510001610,MIAMI,TS,VARIOS,0,mallasacrobata,"MIAMI TS",SHORT,"TRAJES DE BAÑO",MIAMSMAUNI,SHORT
91219,0510001620,MIAMI,TXXL,VARIOS,0,mallasacrobata,"MIAMI TXXL",SHORT,"TRAJES DE BAÑO",MIAMXXLUNI,SHORT
91220,0510001630,MILANO,TXL,VARIOS,0,mallasacrobata,"MILANO TXL",SHORT,"TRAJES DE BAÑO",MILAEXLUNI,SHORT
91221,0510001640,MILANO,TL,VARIOS,0,mallasacrobata,"MILANO TL",SHORT,"TRAJES DE BAÑO",MILALARUNI,SHORT
91222,0510001650,MILANO,TM,VARIOS,0,mallasacrobata,"MILANO TM",SHORT,"TRAJES DE BAÑO",MILAMEDUNI,SHORT
91223,0510001660,MILANO,SHORT,VARIOS,0,mallasacrobata,"MILANO SHORT",SHORT,"TRAJES DE BAÑO",MILANO,SHORT
91224,0510001670,MILANO,TS,VARIOS,0,mallasacrobata,"MILANO TS",SHORT,"TRAJES DE BAÑO",MILASMAUNI,SHORT
91225,0510001680,MONACO,JR,T4/6,0,mallasacrobata,"MONACO JR T4/6",SHORT,"TRAJES DE BAÑO",MOJR001UNI,SHORT
91226,0510001690,MONACO,JR,T8/10,0,mallasacrobata,"MONACO JR T8/10",SHORT,"TRAJES DE BAÑO",MOJR002UNI,SHORT
91227,0510001700,MONACO,JR,T12/14,0,mallasacrobata,"MONACO JR T12/14",SHORT,"TRAJES DE BAÑO",MOJR003UNI,SHORT
91228,0510001710,MONACO,JR,T16/18,0,mallasacrobata,"MONACO JR T16/18",SHORT,"TRAJES DE BAÑO",MOJR004UNI,SHORT
91229,0510001720,MONACO,SHORT,VARIOS,0,mallasacrobata,"MONACO SHORT",SHORT,"TRAJES DE BAÑO",MONACO,SHORT
91230,0510001730,MONACOJR,SHORT,VARIOS,0,mallasacrobata,"MONACOJR SHORT",SHORT,"TRAJES DE BAÑO",MONACOJR,SHORT
91231,0510001740,MONACO,TXL,VARIOS,0,mallasacrobata,"MONACO TXL",SHORT,"TRAJES DE BAÑO",MONAEXLUNI,SHORT
91232,0510001750,MONACO,TL,VARIOS,0,mallasacrobata,"MONACO TL",SHORT,"TRAJES DE BAÑO",MONALARUNI,SHORT
91233,0510001760,MONACO,TM,VARIOS,0,mallasacrobata,"MONACO TM",SHORT,"TRAJES DE BAÑO",MONAMEDUNI,SHORT
91234,0510001770,MONACO,TS,VARIOS,0,mallasacrobata,"MONACO TS",SHORT,"TRAJES DE BAÑO",MONASMAUNI,SHORT
91235,0510001780,SIDNEYBR,TXL,VARIOS,0,mallasacrobata,"SIDNEYBR TXL",SHORT,"TRAJES DE BAÑO",SIDNEXL093,SHORT
91236,0510001800,SIDNEYBR,TL,VARIOS,0,mallasacrobata,"SIDNEYBR TL",SHORT,"TRAJES DE BAÑO",SIDNLAR093,SHORT
91237,0510001810,SIDNEYBR,TM,VARIOS,0,mallasacrobata,"SIDNEYBR TM",SHORT,"TRAJES DE BAÑO",SIDNMED093,SHORT
91238,0510001820,SIDNEYBR,TS,VARIOS,0,mallasacrobata,"SIDNEYBR TS",SHORT,"TRAJES DE BAÑO",SIDNSMA093,SHORT
91239,0510001830,TULUM,JR,T4/6,0,mallasacrobata,"TULUM JR T4/6",SHORT,"TRAJES DE BAÑO",TUJR001UNI,SHORT
91240,0510001840,TULUM,JR,T8/10,0,mallasacrobata,"TULUM JR T8/10",SHORT,"TRAJES DE BAÑO",TUJR002UNI,SHORT
91241,0510001850,TULUM,JR,T12/14,0,mallasacrobata,"TULUM JR T12/14",SHORT,"TRAJES DE BAÑO",TUJR003UNI,SHORT
91242,0510001860,TULUM,JR,T16/18,0,mallasacrobata,"TULUM JR T16/18",SHORT,"TRAJES DE BAÑO",TUJR004UNI,SHORT
91243,0510001870,TULUM,TXL,VARIOS,0,mallasacrobata,"TULUM TXL",SHORT,"TRAJES DE BAÑO",TULUEXLUNI,SHORT
91244,0510001880,TULUM,TL,VARIOS,0,mallasacrobata,"TULUM TL",SHORT,"TRAJES DE BAÑO",TULULARUNI,SHORT
91245,0510001890,TULUM,SHORT,VARIOS,0,mallasacrobata,"TULUM SHORT",SHORT,"TRAJES DE BAÑO",TULUM,SHORT
91246,0510001900,TULUM,TM,VARIOS,0,mallasacrobata,"TULUM TM",SHORT,"TRAJES DE BAÑO",TULUMEDUNI,SHORT
91247,0510001910,TULUMJR,SHORT,JUNIOR,0,mallasacrobata,"TULUMJR SHORT JUNIOR",SHORT,"TRAJES DE BAÑO",TULUMJR,SHORT
91248,0510001920,TULUM,TS,VARIOS,0,mallasacrobata,"TULUM TS",SHORT,"TRAJES DE BAÑO",TULUSMAUNI,SHORT
91249,0510001930,01BR,BRIGITTE,VARIOS,0,mallasacrobata,"01BR BRIGITTE",SHORT,"TRAJES DE BAÑO",01BR,SHORT
91250,0510001940,02BR,BRIGITTE,VARIOS,0,mallasacrobata,"02BR BRIGITTE",SHORT,"TRAJES DE BAÑO",02BR,SHORT
91251,0510002800,FILIPINAS,TS,VARIOS,0,mallasacrobata,"FILIPINAS TS",,"TRAJES DE BAÑO",FILISMA093,SHORT
91252,0510002810,FILIPINAS,TM,VARIOS,0,mallasacrobata,"FILIPINAS TM",,"TRAJES DE BAÑO",FILIMED093,SHORT
91253,0510002820,FILIPINAS,TL,VARIOS,0,mallasacrobata,"FILIPINAS TL",,"TRAJES DE BAÑO",FILILAR093,SHORT
91254,0510002830,FILIPINAS,TXL,VARIOS,0,mallasacrobata,"FILIPINAS TXL",,"TRAJES DE BAÑO",FILIEXL093,SHORT
91255,0510002840,FILIPINAS,TXXL,VARIOS,0,mallasacrobata,"FILIPINAS TXXL",,"TRAJES DE BAÑO",FILIXXL093,SHORT
91256,0510002850,GRECIA,-,ARMY,0,mallasacrobata,"GRECIA - ARMY TS",,"TRAJES DE BAÑO",GRECSMA094,SHORT
91257,0510002860,GRECIA,-,ARMY,0,mallasacrobata,"GRECIA - ARMY TM",,"TRAJES DE BAÑO",GRECMED094,SHORT
91258,0510002870,GRECIA,-,ARMY,0,mallasacrobata,"GRECIA - ARMY TL",,"TRAJES DE BAÑO",GRECLAR094,SHORT
91259,0510002880,GRECIA,-,ARMY,0,mallasacrobata,"GRECIA - ARMY TXL",,"TRAJES DE BAÑO",GRECEXL094,SHORT
91260,0510002970,GRECIA,-,PINK,0,mallasacrobata,"GRECIA - PINK TS",,"TRAJES DE BAÑO",GRECSMA055,SHORT
91261,0510002980,GRECIA,-,PINK,0,mallasacrobata,"GRECIA - PINK TM",,"TRAJES DE BAÑO",GRECMED055,SHORT
91262,0510002990,GRECIA,-,PINK,0,mallasacrobata,"GRECIA - PINK TL",,"TRAJES DE BAÑO",GRECLAR055,SHORT
91263,0510003000,GRECIA,-,PINKTXL,0,mallasacrobata,"GRECIA - PINKTXL",,"TRAJES DE BAÑO",GRECEXL055,SHORT
91264,0510003010,CUBA,TS,UNICO,0,mallasacrobata,"CUBA TS UNICO",,"TRAJES DE BAÑO",CUBASMA093,SHORT
91265,0510003020,CUBA,TM,UNICO,0,mallasacrobata,"CUBA TM UNICO",,"TRAJES DE BAÑO",CUBAMED093,SHORT
91266,0510003030,CUBA,TL,UNICO,0,mallasacrobata,"CUBA TL UNICO",,"TRAJES DE BAÑO",CUBALAR093,SHORT
91267,0510003040,CUBA,TXL,UNICO,0,mallasacrobata,"CUBA TXL UNICO",,"TRAJES DE BAÑO",CUBAEXL093,SHORT
91268,0510003050,NATAL,TS,UNICO,0,mallasacrobata,"NATAL TS UNICO",,"TRAJES DE BAÑO",NATASMA093,SHORT
91269,0510003060,NATAL,TM,UNICO,0,mallasacrobata,"NATAL TM UNICO",,"TRAJES DE BAÑO",NATAMED093,SHORT
91270,0510003070,NATAL,TL,UNICO,0,mallasacrobata,"NATAL TL UNICO",,"TRAJES DE BAÑO",NATALAR093,SHORT
91271,0510003080,NATAL,TXL,UNICO,0,mallasacrobata,"NATAL TXL UNICO",,"TRAJES DE BAÑO",NATAEXL093,SHORT
91272,0510003090,TAILANDIA,TS,VARIOS,0,mallasacrobata,"TAILANDIA TS",,"TRAJES DE BAÑO",TAILSMA093,SHORT
91273,0510003100,TAILANDIA,TM,VARIOS,0,mallasacrobata,"TAILANDIA TM",,"TRAJES DE BAÑO",TAILMED093,SHORT
91274,0510003110,TAILANDIA,TL,VARIOS,0,mallasacrobata,"TAILANDIA TL",,"TRAJES DE BAÑO",TAILLAR093,SHORT
91275,0510003120,TAILANDIA,TXL,VARIOS,0,mallasacrobata,"TAILANDIA TXL",,"TRAJES DE BAÑO",TAILEXL093,SHORT
91276,0510003130,TENERIFE,TS,VARIOS,0,mallasacrobata,"TENERIFE TS",,"TRAJES DE BAÑO",TENESMA093,SHORT
91277,0510003140,TENERIFE,TM,VARIOS,0,mallasacrobata,"TENERIFE TM",,"TRAJES DE BAÑO",TENEMED093,SHORT
91278,0510003150,TENERIFE,TL,VARIOS,0,mallasacrobata,"TENERIFE TL",,"TRAJES DE BAÑO",TENELAR093,SHORT
91279,0510003160,TENERIFE,TXL,VARIOS,0,mallasacrobata,"TENERIFE TXL",,"TRAJES DE BAÑO",TENEEXL093,SHORT
91280,0510003170,WAIKIKI,TS,VARIOS,0,mallasacrobata,"WAIKIKI TS",,"TRAJES DE BAÑO",WAIKSMA093,SHORT
91281,0510003180,WAIKIKI,TM,VARIOS,0,mallasacrobata,"WAIKIKI TM",,"TRAJES DE BAÑO",WAIKMED093,SHORT
91282,0510003190,WAIKIKI,TL,VARIOS,0,mallasacrobata,"WAIKIKI TL",,"TRAJES DE BAÑO",WAIKLAR093,SHORT
91283,0510003200,WAIKIKI,TXL,VARIOS,0,mallasacrobata,"WAIKIKI TXL",,"TRAJES DE BAÑO",WAIKEXL093,SHORT
91284,0510003750,AMALFI,TS,UNICO,0,mallasacrobata,"AMALFI TS UNICO",,"TRAJES DE BAÑO",AMALSMA093,SHORT
91285,0510003760,AMALFI,TM,UNICO,0,mallasacrobata,"AMALFI TM UNICO",,"TRAJES DE BAÑO",AMALMED093,SHORT
91286,0510003770,AMALFI,TL,UNICO,0,mallasacrobata,"AMALFI TL UNICO",,"TRAJES DE BAÑO",AMALLAR093,SHORT
91287,0510003780,AMALFI,TXL,UNICO,0,mallasacrobata,"AMALFI TXL UNICO",,"TRAJES DE BAÑO",AMALEXL093,SHORT
91288,0510003790,AMALFI,TXXL,UNICO,0,mallasacrobata,"AMALFI TXXL UNICO",,"TRAJES DE BAÑO",AMALXXL093,SHORT
91289,0510004140,ITALIA,TS,FLAMINGO,0,mallasacrobata,"ITALIA TS FLAMINGO",,"TRAJES DE BAÑO",ITALSMA069,SHORT
91290,0510004150,ITALIA,TM,FLAMINGO,0,mallasacrobata,"ITALIA TM FLAMINGO",,"TRAJES DE BAÑO",ITALMED069,SHORT
91291,0510004160,ITALIA,TL,FLAMINGO,0,mallasacrobata,"ITALIA TL FLAMINGO",,"TRAJES DE BAÑO",ITALLAR069,SHORT
91292,0510004170,ITALIA,TXL,FLAMINGO,0,mallasacrobata,"ITALIA TXL FLAMINGO",,"TRAJES DE BAÑO",ITALEXL069,SHORT
91293,0510004180,ITALIA,TXXL,FLAMINGO,0,mallasacrobata,"ITALIA TXXL FLAMINGO",,"TRAJES DE BAÑO",ITALXXL069,SHORT
91294,0510004340,ITALIA,TS,MENTA,0,mallasacrobata,"ITALIA TS MENTA",,"TRAJES DE BAÑO",ITALSMA121,SHORT
91295,0510004350,ITALIA,TM,MENTA,0,mallasacrobata,"ITALIA TM MENTA",,"TRAJES DE BAÑO",ITALMED121,SHORT
91296,0510004360,ITALIA,TL,MENTA,0,mallasacrobata,"ITALIA TL MENTA",,"TRAJES DE BAÑO",ITALLAR0121,SHORT
91297,0510004370,ITALIA,TXL,MENTA,0,mallasacrobata,"ITALIA TXL MENTA",,"TRAJES DE BAÑO",ITALEXL121,SHORT
91298,0510004380,ITALIA,TXXL,MENTA,0,mallasacrobata,"ITALIA TXXL MENTA",,"TRAJES DE BAÑO",ITALXXL121,SHORT
91299,0510004440,JAMAICA,TS,BLACK,0,mallasacrobata,"JAMAICA TS BLACK",,"TRAJES DE BAÑO",JAMASMA063,SHORT
91300,0510004450,JAMAICA,TM,BLACK,0,mallasacrobata,"JAMAICA TM BLACK",,"TRAJES DE BAÑO",JAMAMED063,SHORT
91301,0510004460,JAMAICA,TL,BLACK,0,mallasacrobata,"JAMAICA TL BLACK",,"TRAJES DE BAÑO",JAMALAR063,SHORT
91302,0510004470,JAMAICA,TXL,BLACK,0,mallasacrobata,"JAMAICA TXL BLACK",,"TRAJES DE BAÑO",JAMAEXL063,SHORT
91303,0510004520,MANFREDONIA,TS,UNICO,0,mallasacrobata,"MANFREDONIA TS UNICO",,"TRAJES DE BAÑO",MANFSMA093,SHORT
91304,0510004530,MANFREDONIA,TM,UNICO,0,mallasacrobata,"MANFREDONIA TM UNICO",,"TRAJES DE BAÑO",MANFMED093,SHORT
91305,0510004540,MANFREDONIA,TL,UNICO,0,mallasacrobata,"MANFREDONIA TL UNICO",,"TRAJES DE BAÑO",MANFLAR093,SHORT
91306,0510004550,MANFREDONIA,TXL,UNICO,0,mallasacrobata,"MANFREDONIA TXL UNICO",,"TRAJES DE BAÑO",MANFEXL093,SHORT
91307,0510004560,MANFREDONIA,TXXL,UNICO,0,mallasacrobata,"MANFREDONIA TXXL UNICO",,"TRAJES DE BAÑO",MANXXL093,SHORT
91308,0510004600,MAUI,TXL,UNICO,0,mallasacrobata,"MAUI TXL UNICO",,"TRAJES DE BAÑO",MAUEXLUNI,SHORT
91309,0510004610,NAPOLES,TS,UNICO,0,mallasacrobata,"NAPOLES TS UNICO",,"TRAJES DE BAÑO",NAPOSMA093,SHORT
91310,0510004620,NAPOLES,TM,UNICO,0,mallasacrobata,"NAPOLES TM UNICO",,"TRAJES DE BAÑO",NAPOMED093,SHORT
91311,0510004630,NAPOLES,TL,UNICO,0,mallasacrobata,"NAPOLES TL UNICO",,"TRAJES DE BAÑO",NAPOLAR093,SHORT
91312,0510004640,NAPOLES,TXL,UNICO,0,mallasacrobata,"NAPOLES TXL UNICO",,"TRAJES DE BAÑO",NAPOEXL093,SHORT
91313,0510004650,NAPOLES,TXXL,UNICO,0,mallasacrobata,"NAPOLES TXXL UNICO",,"TRAJES DE BAÑO",NAPOXXL093,SHORT
91314,0510004700,PANAMA,TS,UNICO,0,mallasacrobata,"PANAMA TS UNICO",,"TRAJES DE BAÑO",PANASMA093,SHORT
91315,0510004710,PANAMA,TM,UNICO,0,mallasacrobata,"PANAMA TM UNICO",,"TRAJES DE BAÑO",PANAMED093,SHORT
91316,0510004720,PANAMA,TL,UNICO,0,mallasacrobata,"PANAMA TL UNICO",,"TRAJES DE BAÑO",PANALAR093,SHORT
91317,0510004730,PANAMA,TXL,UNICO,0,mallasacrobata,"PANAMA TXL UNICO",,"TRAJES DE BAÑO",PANAEXL093,SHORT
91318,0510004740,POLINESIA,TS,UNICO,0,mallasacrobata,"POLINESIA TS UNICO",,"TRAJES DE BAÑO",POLISMA093,SHORT
91319,0510004750,POLINESIA,TM,UNICO,0,mallasacrobata,"POLINESIA TM UNICO",,"TRAJES DE BAÑO",POLIMED093,SHORT
91320,0510004760,POLINESIA,TL,UNICO,0,mallasacrobata,"POLINESIA TL UNICO",,"TRAJES DE BAÑO",POLILAR093,SHORT
91321,0510004770,POLINESIA,TXL,UNICO,0,mallasacrobata,"POLINESIA TXL UNICO",,"TRAJES DE BAÑO",POLIEXL093,SHORT
91322,0510004900,TOSCANA,TS,UNICO,0,mallasacrobata,"TOSCANA TS UNICO",,"TRAJES DE BAÑO",TOSCSMA093,SHORT
91323,0510004910,TOSCANA,TM,UNICO,0,mallasacrobata,"TOSCANA TM UNICO",,"TRAJES DE BAÑO",TOSCMED093,SHORT
91324,0510004920,TOSCANA,TL,UNICO,0,mallasacrobata,"TOSCANA TL UNICO",,"TRAJES DE BAÑO",TOSCLAR093,SHORT
91325,0510004930,TOSCANA,TXL,UNICO,0,mallasacrobata,"TOSCANA TXL UNICO",,"TRAJES DE BAÑO",TOSCEXL093,SHORT
91326,0510004940,TOSCANA,TXXL,UNICO,0,mallasacrobata,"TOSCANA TXXL UNICO",,"TRAJES DE BAÑO",TOSCXXL093,SHORT
91327,0510004990,ITALIA,JR,T06,0,mallasacrobata,"ITALIA JR T06 FLAMINGO",,"TRAJES DE BAÑO",ITAJ006069,SHORT
91328,0510005000,ITALIA,JR,T10,0,mallasacrobata,"ITALIA JR T10 FLAMINGO",,"TRAJES DE BAÑO",ITAJ010069,SHORT
91329,0510005010,ITALIA,JR,T14,0,mallasacrobata,"ITALIA JR T14 FLAMINGO",,"TRAJES DE BAÑO","ITAJ 014069",SHORT
91330,0510005020,ITALIA,JR,T18,0,mallasacrobata,"ITALIA JR T18 FLAMINGO",,"TRAJES DE BAÑO",ITAJ018069,SHORT
91331,0510005030,ITALIA,JR,T06,0,mallasacrobata,"ITALIA JR T06 MENTA",,"TRAJES DE BAÑO",ITAJ006121,SHORT
91332,0510005040,ITALIA,JR,T10,0,mallasacrobata,"ITALIA JR T10 MENTA",,"TRAJES DE BAÑO",ITAJ010121,SHORT
91333,0510005050,ITALIA,JR,T14,0,mallasacrobata,"ITALIA JR T14 MENTA",,"TRAJES DE BAÑO","ITAJ 014121",SHORT
91334,0510005060,ITALIA,JR,T18,0,mallasacrobata,"ITALIA JR T18 MENTA",,"TRAJES DE BAÑO",ITAJ018121,SHORT
91335,0510005070,CALIFORNIA,JR,T06,0,mallasacrobata,"CALIFORNIA JR T06 UNICO",,"TRAJES DE BAÑO",CALJ006093,SHORT
91336,0510005080,CALIFORNIA,JR,T10,0,mallasacrobata,"CALIFORNIA JR T10 UNICO",,"TRAJES DE BAÑO",CALJ010093,SHORT
91337,0510005090,CALIFORNIA,JR,T14,0,mallasacrobata,"CALIFORNIA JR T14 UNICO",,"TRAJES DE BAÑO",CALJ014093,SHORT
91338,0510005100,CALIFORNIA,JR,T18,0,mallasacrobata,"CALIFORNIA JR T18 UNICO",,"TRAJES DE BAÑO",CALJ018093,SHORT
91339,0510005110,CUBA,JR,T06,0,mallasacrobata,"CUBA JR T06 UNICO",,"TRAJES DE BAÑO",CUBJ006093,SHORT
91340,0510005120,CUBA,JR,T10,0,mallasacrobata,"CUBA JR T10 UNICO",,"TRAJES DE BAÑO",CUBJ010093,SHORT
91341,0510005130,CUBA,JR,T14,0,mallasacrobata,"CUBA JR T14 UNICO",,"TRAJES DE BAÑO",CUBJ014093,SHORT
91342,0510005140,CUBA,JR,T18,0,mallasacrobata,"CUBA JR T18 UNICO",,"TRAJES DE BAÑO",CUBJ018093,SHORT
91343,0510005150,MANFREDONIA,JR,T06,0,mallasacrobata,"MANFREDONIA JR T06 UNICO",,"TRAJES DE BAÑO",MANJ006093,SHORT
91344,0510005160,MANFREDONIA,JR,T10,0,mallasacrobata,"MANFREDONIA JR T10 UNICO",,"TRAJES DE BAÑO",MANJ010093,SHORT
91345,0510005170,MANFREDONIA,JR,T14,0,mallasacrobata,"MANFREDONIA JR T14 UNICO",,"TRAJES DE BAÑO",MANJ014093,SHORT
91346,0510005180,MANFREDONIA,JR,T18,0,mallasacrobata,"MANFREDONIA JR T18 UNICO",,"TRAJES DE BAÑO",MANJ018093,SHORT
91347,0510005190,MAUI,JR,T06,0,mallasacrobata,"MAUI JR T06 UNI",,"TRAJES DE BAÑO",MAUJ006093,SHORT
91348,0510005200,MAUI,JR,T10,0,mallasacrobata,"MAUI JR T10 UNI",,"TRAJES DE BAÑO",MAUJ010093,SHORT
91349,0510005210,MAUI,JR,T16,0,mallasacrobata,"MAUI JR T16 UNI",,"TRAJES DE BAÑO",MAUJ016093,SHORT
91350,0510005220,MAUI,JR,T18,0,mallasacrobata,"MAUI JR T18 UNI",,"TRAJES DE BAÑO",MAUJ018093,SHORT
91351,0510005230,SIDNEY,JR,T06,0,mallasacrobata,"SIDNEY JR T06 UNI",,"TRAJES DE BAÑO",SIDJ006093,SHORT
91352,0510005240,SIDNEY,JR,T10,0,mallasacrobata,"SIDNEY JR T10 UNI",,"TRAJES DE BAÑO",SIDJ010093,SHORT
91353,0510005250,SIDNEY,JR,T16,0,mallasacrobata,"SIDNEY JR T16 UNI",,"TRAJES DE BAÑO",SIDJ016093,SHORT
91354,0510005260,SIDNEY,JR,T18,0,mallasacrobata,"SIDNEY JR T18 UNI",,"TRAJES DE BAÑO",SIDJ018093,SHORT
91355,0510005330,SIDNEY,JR,T12-14,0,mallasacrobata,"SIDNEY JR T12-14 UNI",,"TRAJES DE BAÑO",SIDJ014093,SHORT
91356,0510005340,MAUI.JR,T12-14,UNICO,0,mallasacrobata,"MAUI.JR T12-14 UNICO",MALLA,"TRAJES DE BAÑO",MAUJ014093,SHORT
91357,0510005350,ITALIAJR,12,14,0,mallasacrobata,"ITALIAJR 12 14 FLAMINGO",MALLA,"TRAJES DE BAÑO",ITAJ014069,SHORT
91358,0510005360,ITALIAJR,12,14,0,mallasacrobata,"ITALIAJR 12 14 MENTA",MALLA,"TRAJES DE BAÑO",ITAJ014121,SHORT
91359,0513000010,RIO,JR,T4/6,0,mallasacrobata,"RIO JR T4/6",SHORT,"TRAJES DE BAÑO",RIJR001UNI,ZUNGA
91360,0513000020,RIO,JR,T8/10,0,mallasacrobata,"RIO JR T8/10",SHORT,"TRAJES DE BAÑO",RIJR00810UNI,ZUNGA
91361,0513000030,RIO,JR,T12/14,0,mallasacrobata,"RIO JR T12/14",SHORT,"TRAJES DE BAÑO",RIJR001214UNI,ZUNGA
91362,0513000040,RIO,JR,T16/18,0,mallasacrobata,"RIO JR T16/18",SHORT,"TRAJES DE BAÑO",RIJR001618UNI,ZUNGA
91363,0513000050,RIO,JR,T4,0,mallasacrobata,"RIO JR T4",SHORT,"TRAJES DE BAÑO",RIJR004UNI,ZUNGA
91364,0513000060,RIOJR,T6,MARINO,0,mallasacrobata,"RIOJR T6 MARINO",SHORT,"TRAJES DE BAÑO",RIJR006UNI,ZUNGA
91365,0513000070,RIOJR,ZUNGA,NIÑO,0,mallasacrobata,"RIOJR ZUNGA NIÑO",SHORT,"TRAJES DE BAÑO",RIOJR,ZUNGA
91366,0513000080,RIO,JR,T02,0,mallasacrobata,"RIO JR T02 UNICO",,"TRAJES DE BAÑO",RIOJ002093,ZUNGA
91367,0513000090,RIO,JR,T04,0,mallasacrobata,"RIO JR T04 UNICO",,"TRAJES DE BAÑO",RIOJ004093,ZUNGA
91368,0513000100,RIO,JR,T06,0,mallasacrobata,"RIO JR T06 UNICO",,"TRAJES DE BAÑO",RIOJ006093,ZUNGA
